Date,AvgTemperature_F
2010-01-01,32.7
2010-01-02,31.7
2010-01-03,29.9
2010-01-04,23.6
2010-01-05,27.0
2010-01-06,25.7
2010-01-07,25.0
2010-01-08,22.9
2010-01-09,28.5
2010-01-10,30.5
2010-01-11,31.3
2010-01-12,32.0
2010-01-13,34.5
2010-01-14,36.8
2010-01-15,37.3
2010-01-16,40.5
2010-01-17,45.7
2010-01-18,39.4
2010-01-19,35.9
2010-01-20,36.5
2010-01-21,40.0
2010-01-22,42.3
2010-01-23,39.3
2010-01-24,39.7
2010-01-25,38.0
2010-01-26,31.1
2010-01-27,28.8
2010-01-28,39.5
2010-01-29,39.6
2010-01-30,32.5
2010-01-31,33.2
2010-02-01,35.1
2010-02-02,40.1
2010-02-03,47.9
2010-02-04,44.6
2010-02-05,47.0
2010-02-06,43.1
2010-02-07,39.6
2010-02-08,36.7
2010-02-09,30.0
2010-02-10,28.7
2010-02-11,27.6
2010-02-12,27.6
2010-02-13,26.9
2010-02-14,30.8
2010-02-15,32.6
2010-02-16,30.9
2010-02-17,35.5
2010-02-18,42.2
2010-02-19,40.9
2010-02-20,38.0
2010-02-21,39.4
2010-02-22,49.7
2010-02-23,51.6
2010-02-24,48.4
2010-02-25,50.1
2010-02-26,48.0
2010-02-27,47.3
2010-02-28,46.9
2010-03-01,43.3
2010-03-02,44.6
2010-03-03,40.7
2010-03-04,39.3
2010-03-05,35.6
2010-03-06,37.4
2010-03-07,32.5
2010-03-08,33.7
2010-03-09,33.3
2010-03-10,39.6
2010-03-11,35.2
2010-03-12,36.8
2010-03-13,42.0
2010-03-14,43.0
2010-03-15,45.9
2010-03-16,45.3
2010-03-17,49.4
2010-03-18,54.8
2010-03-19,59.7
2010-03-20,58.4
2010-03-21,50.1
2010-03-22,49.9
2010-03-23,51.1
2010-03-24,56.6
2010-03-25,57.0
2010-03-26,51.4
2010-03-27,49.4
2010-03-28,51.7
2010-03-29,56.2
2010-03-30,49.8
2010-03-31,45.5
2010-04-01,45.4
2010-04-02,45.9
2010-04-03,47.8
2010-04-04,46.3
2010-04-05,46.2
2010-04-06,54.5
2010-04-07,52.9
2010-04-08,50.7
2010-04-09,51.4
2010-04-10,52.3
2010-04-11,47.2
2010-04-12,46.7
2010-04-13,51.3
2010-04-14,49.8
2010-04-15,51.3
2010-04-16,49.3
2010-04-17,49.6
2010-04-18,55.2
2010-04-19,55.3
2010-04-20,52.6
2010-04-21,49.9
2010-04-22,49.7
2010-04-23,53.1
2010-04-24,57.6
2010-04-25,60.5
2010-04-26,55.2
2010-04-27,56.5
2010-04-28,63.6
2010-04-29,67.9
2010-04-30,58.3
2010-05-01,55.8
2010-05-02,52.8
2010-05-03,45.7
2010-05-04,47.7
2010-05-05,47.7
2010-05-06,49.7
2010-05-07,48.5
2010-05-08,52.6
2010-05-09,54.8
2010-05-10,52.4
2010-05-11,43.8
2010-05-12,45.5
2010-05-13,46.1
2010-05-14,48.8
2010-05-15,52.9
2010-05-16,54.3
2010-05-17,56.6
2010-05-18,54.9
2010-05-19,57.0
2010-05-20,60.1
2010-05-21,63.8
2010-05-22,65.0
2010-05-23,67.1
2010-05-24,71.6
2010-05-25,70.1
2010-05-26,62.7
2010-05-27,58.6
2010-05-28,58.7
2010-05-29,58.7
2010-05-30,59.4
2010-05-31,56.7
2010-06-01,56.6
2010-06-02,61.2
2010-06-03,64.9
2010-06-04,69.9
2010-06-05,72.9
2010-06-06,67.3
2010-06-07,64.7
2010-06-08,67.4
2010-06-09,63.2
2010-06-10,66.3
2010-06-11,70.6
2010-06-12,62.8
2010-06-13,59.0
2010-06-14,61.0
2010-06-15,62.0
2010-06-16,62.1
2010-06-17,61.7
2010-06-18,60.6
2010-06-19,55.2
2010-06-20,53.6
2010-06-21,56.4
2010-06-22,62.9
2010-06-23,67.2
2010-06-24,69.9
2010-06-25,70.0
2010-06-26,73.5
2010-06-27,76.4
2010-06-28,75.3
2010-06-29,72.7
2010-06-30,73.7
2010-07-01,80.0
2010-07-02,80.2
2010-07-03,68.0
2010-07-04,69.3
2010-07-05,67.2
2010-07-06,66.9
2010-07-07,72.0
2010-07-08,78.5
2010-07-09,81.4
2010-07-10,74.4
2010-07-11,78.9
2010-07-12,72.8
2010-07-13,75.1
2010-07-14,68.0
2010-07-15,68.2
2010-07-16,68.7
2010-07-17,65.9
2010-07-18,65.4
2010-07-19,72.1
2010-07-20,77.2
2010-07-21,68.9
2010-07-22,69.3
2010-07-23,65.8
2010-07-24,65.6
2010-07-25,66.2
2010-07-26,67.2
2010-07-27,69.7
2010-07-28,71.2
2010-07-29,65.5
2010-07-30,67.6
2010-07-31,73.4
2010-08-01,68.1
2010-08-02,66.2
2010-08-03,65.7
2010-08-04,66.0
2010-08-05,63.6
2010-08-06,64.8
2010-08-07,68.1
2010-08-08,66.5
2010-08-09,68.7
2010-08-10,67.4
2010-08-11,67.6
2010-08-12,64.3
2010-08-13,63.3
2010-08-14,61.1
2010-08-15,59.7
2010-08-16,59.0
2010-08-17,62.6
2010-08-18,63.8
2010-08-19,65.1
2010-08-20,72.4
2010-08-21,74.4
2010-08-22,74.3
2010-08-23,71.5
2010-08-24,64.0
2010-08-25,65.3
2010-08-26,72.5
2010-08-27,68.4
2010-08-28,61.3
2010-08-29,58.9
2010-08-30,57.3
2010-08-31,58.5
2010-09-01,60.9
2010-09-02,62.2
2010-09-03,63.2
2010-09-04,62.5
2010-09-05,63.3
2010-09-06,61.8
2010-09-07,63.9
2010-09-08,60.1
2010-09-09,60.2
2010-09-10,61.9
2010-09-11,65.5
2010-09-12,62.4
2010-09-13,60.9
2010-09-14,65.7
2010-09-15,61.3
2010-09-16,58.8
2010-09-17,55.8
2010-09-18,52.6
2010-09-19,54.7
2010-09-20,59.4
2010-09-21,59.9
2010-09-22,63.1
2010-09-23,64.1
2010-09-24,57.9
2010-09-25,53.3
2010-09-26,49.4
2010-09-27,51.1
2010-09-28,55.0
2010-09-29,60.2
2010-09-30,57.8
2010-10-01,55.5
2010-10-02,63.7
2010-10-03,66.9
2010-10-04,63.2
2010-10-05,59.8
2010-10-06,60.8
2010-10-07,62.8
2010-10-08,61.7
2010-10-09,63.6
2010-10-10,58.3
2010-10-11,56.8
2010-10-12,51.6
2010-10-13,48.0
2010-10-14,48.7
2010-10-15,52.0
2010-10-16,50.1
2010-10-17,43.0
2010-10-18,43.6
2010-10-19,49.6
2010-10-20,45.6
2010-10-21,39.8
2010-10-22,41.1
2010-10-23,43.0
2010-10-24,45.8
2010-10-25,43.6
2010-10-26,43.4
2010-10-27,52.6
2010-10-28,51.9
2010-10-29,54.4
2010-10-30,53.5
2010-10-31,53.3
2010-11-01,51.0
2010-11-02,50.4
2010-11-03,58.0
2010-11-04,60.8
2010-11-05,59.7
2010-11-06,54.3
2010-11-07,45.5
2010-11-08,42.0
2010-11-09,47.4
2010-11-10,44.6
2010-11-11,45.2
2010-11-12,56.0
2010-11-13,58.5
2010-11-14,55.3
2010-11-15,47.1
2010-11-16,43.9
2010-11-17,40.6
2010-11-18,44.6
2010-11-19,44.1
2010-11-20,44.6
2010-11-21,42.1
2010-11-22,39.9
2010-11-23,39.5
2010-11-24,41.3
2010-11-25,37.3
2010-11-26,33.7
2010-11-27,32.2
2010-11-28,32.3
2010-11-29,28.6
2010-11-30,26.8
2010-12-01,27.8
2010-12-02,29.2
2010-12-03,27.9
2010-12-04,31.6
2010-12-05,37.3
2010-12-06,34.5
2010-12-07,32.3
2010-12-08,32.1
2010-12-09,32.6
2010-12-10,34.9
2010-12-11,42.3
2010-12-12,41.5
2010-12-13,29.8
2010-12-14,29.7
2010-12-15,30.3
2010-12-16,36.9
2010-12-17,32.2
2010-12-18,30.9
2010-12-19,35.4
2010-12-20,32.8
2010-12-21,36.3
2010-12-22,33.8
2010-12-23,32.4
2010-12-24,31.7
2010-12-25,28.3
2010-12-26,29.4
2010-12-27,30.5
2010-12-28,33.8
2010-12-29,37.4
2010-12-30,35.2
2010-12-31,33.0
2011-01-01,33.8
2011-01-02,35.1
2011-01-03,34.2
2011-01-04,32.6
2011-01-05,35.2
2011-01-06,51.1
2011-01-07,52.9
2011-01-08,52.7
2011-01-09,42.8
2011-01-10,38.1
2011-01-11,43.6
2011-01-12,47.6
2011-01-13,55.9
2011-01-14,52.6
2011-01-15,48.9
2011-01-16,48.5
2011-01-17,44.6
2011-01-18,46.3
2011-01-19,38.4
2011-01-20,37.5
2011-01-21,32.3
2011-01-22,38.1
2011-01-23,40.7
2011-01-24,41.6
2011-01-25,40.8
2011-01-26,41.1
2011-01-27,37.5
2011-01-28,32.8
2011-01-29,31.1
2011-01-30,29.0
2011-01-31,25.7
2011-02-01,28.5
2011-02-02,36.6
2011-02-03,42.7
2011-02-04,47.5
2011-02-05,51.4
2011-02-06,48.6
2011-02-07,45.7
2011-02-08,48.4
2011-02-09,44.6
2011-02-10,46.5
2011-02-11,56.2
2011-02-12,46.8
2011-02-13,43.2
2011-02-14,46.1
2011-02-15,42.5
2011-02-16,42.1
2011-02-17,37.6
2011-02-18,37.5
2011-02-19,39.3
2011-02-20,43.5
2011-02-21,42.6
2011-02-22,38.7
2011-02-23,37.7
2011-02-24,49.1
2011-02-25,48.7
2011-02-26,48.4
2011-02-27,43.8
2011-02-28,37.7
2011-03-01,40.6
2011-03-02,41.8
2011-03-03,39.2
2011-03-04,40.0
2011-03-05,37.9
2011-03-06,39.3
2011-03-07,38.7
2011-03-08,44.9
2011-03-09,48.1
2011-03-10,47.4
2011-03-11,50.5
2011-03-12,47.2
2011-03-13,50.6
2011-03-14,51.4
2011-03-15,55.5
2011-03-16,54.2
2011-03-17,45.3
2011-03-18,48.0
2011-03-19,45.1
2011-03-20,43.9
2011-03-21,46.0
2011-03-22,50.7
2011-03-23,52.9
2011-03-24,54.0
2011-03-25,54.8
2011-03-26,55.0
2011-03-27,52.9
2011-03-28,51.8
2011-03-29,50.9
2011-03-30,52.7
2011-03-31,57.3
2011-04-01,56.1
2011-04-02,60.5
2011-04-03,52.4
2011-04-04,51.5
2011-04-05,54.0
2011-04-06,61.2
2011-04-07,62.7
2011-04-08,58.7
2011-04-09,58.4
2011-04-10,61.6
2011-04-11,58.8
2011-04-12,50.5
2011-04-13,47.8
2011-04-14,52.7
2011-04-15,53.3
2011-04-16,51.7
2011-04-17,53.4
2011-04-18,58.0
2011-04-19,58.6
2011-04-20,63.1
2011-04-21,63.3
2011-04-22,64.0
2011-04-23,64.9
2011-04-24,66.7
2011-04-25,64.8
2011-04-26,60.7
2011-04-27,56.5
2011-04-28,50.4
2011-04-29,54.3
2011-04-30,58.8
2011-05-01,61.7
2011-05-02,59.6
2011-05-03,53.0
2011-05-04,53.7
2011-05-05,57.5
2011-05-06,63.6
2011-05-07,70.7
2011-05-08,68.4
2011-05-09,65.4
2011-05-10,66.0
2011-05-11,61.6
2011-05-12,57.3
2011-05-13,57.3
2011-05-14,56.4
2011-05-15,55.5
2011-05-16,56.7
2011-05-17,61.1
2011-05-18,63.9
2011-05-19,57.1
2011-05-20,62.1
2011-05-21,63.5
2011-05-22,64.7
2011-05-23,64.9
2011-05-24,59.9
2011-05-25,61.5
2011-05-26,60.4
2011-05-27,56.8
2011-05-28,58.6
2011-05-29,65.6
2011-05-30,68.0
2011-05-31,57.6
2011-06-01,59.2
2011-06-02,65.2
2011-06-03,71.0
2011-06-04,73.9
2011-06-05,69.2
2011-06-06,61.6
2011-06-07,59.0
2011-06-08,59.9
2011-06-09,59.7
2011-06-10,57.0
2011-06-11,56.3
2011-06-12,58.8
2011-06-13,64.4
2011-06-14,67.2
2011-06-15,68.7
2011-06-16,66.2
2011-06-17,61.2
2011-06-18,59.5
2011-06-19,59.7
2011-06-20,63.5
2011-06-21,66.0
2011-06-22,63.7
2011-06-23,60.3
2011-06-24,60.1
2011-06-25,67.9
2011-06-26,72.7
2011-06-27,81.2
2011-06-28,77.7
2011-06-29,65.1
2011-06-30,62.1
2011-07-01,62.3
2011-07-02,61.5
2011-07-03,62.9
2011-07-04,67.7
2011-07-05,72.3
2011-07-06,67.1
2011-07-07,66.3
2011-07-08,66.7
2011-07-09,64.8
2011-07-10,65.2
2011-07-11,68.9
2011-07-12,66.4
2011-07-13,61.2
2011-07-14,62.3
2011-07-15,66.8
2011-07-16,64.4
2011-07-17,60.8
2011-07-18,61.6
2011-07-19,57.7
2011-07-20,59.3
2011-07-21,62.2
2011-07-22,61.1
2011-07-23,58.6
2011-07-24,62.2
2011-07-25,65.7
2011-07-26,64.6
2011-07-27,61.3
2011-07-28,63.9
2011-07-29,64.5
2011-07-30,62.7
2011-07-31,62.9
2011-08-01,67.2
2011-08-02,71.0
2011-08-03,71.7
2011-08-04,68.8
2011-08-05,67.4
2011-08-06,65.1
2011-08-07,61.9
2011-08-08,62.4
2011-08-09,60.3
2011-08-10,61.9
2011-08-11,67.4
2011-08-12,66.7
2011-08-13,67.2
2011-08-14,66.7
2011-08-15,64.8
2011-08-16,68.6
2011-08-17,68.4
2011-08-18,70.1
2011-08-19,69.5
2011-08-20,71.2
2011-08-21,78.9
2011-08-22,69.1
2011-08-23,70.5
2011-08-24,67.0
2011-08-25,68.6
2011-08-26,62.3
2011-08-27,59.0
2011-08-28,60.0
2011-08-29,58.7
2011-08-30,57.7
2011-08-31,59.9
2011-09-01,68.0
2011-09-02,72.2
2011-09-03,72.8
2011-09-04,65.7
2011-09-05,62.6
2011-09-06,64.2
2011-09-07,61.0
2011-09-08,62.4
2011-09-09,70.4
2011-09-10,73.1
2011-09-11,63.2
2011-09-12,66.8
2011-09-13,64.2
2011-09-14,58.0
2011-09-15,58.1
2011-09-16,62.0
2011-09-17,60.2
2011-09-18,56.0
2011-09-19,58.5
2011-09-20,61.1
2011-09-21,62.8
2011-09-22,60.7
2011-09-23,57.2
2011-09-24,59.6
2011-09-25,66.5
2011-09-26,67.5
2011-09-27,66.7
2011-09-28,67.9
2011-09-29,67.8
2011-09-30,68.3
2011-10-01,68.2
2011-10-02,66.0
2011-10-03,66.6
2011-10-04,63.9
2011-10-05,64.2
2011-10-06,59.6
2011-10-07,52.6
2011-10-08,52.5
2011-10-09,59.2
2011-10-10,62.1
2011-10-11,61.4
2011-10-12,59.5
2011-10-13,59.4
2011-10-14,52.5
2011-10-15,48.2
2011-10-16,49.5
2011-10-17,53.5
2011-10-18,53.1
2011-10-19,48.3
2011-10-20,43.9
2011-10-21,41.8
2011-10-22,41.0
2011-10-23,50.5
2011-10-24,53.9
2011-10-25,55.0
2011-10-26,52.9
2011-10-27,54.4
2011-10-28,57.4
2011-10-29,59.4
2011-10-30,56.7
2011-10-31,55.0
2011-11-01,51.6
2011-11-02,55.4
2011-11-03,61.0
2011-11-04,57.4
2011-11-05,58.3
2011-11-06,56.4
2011-11-07,51.3
2011-11-08,50.3
2011-11-09,54.6
2011-11-10,47.9
2011-11-11,46.9
2011-11-12,52.0
2011-11-13,47.9
2011-11-14,44.2
2011-11-15,38.3
2011-11-16,38.5
2011-11-17,48.4
2011-11-18,47.0
2011-11-19,45.0
2011-11-20,42.9
2011-11-21,44.7
2011-11-22,46.7
2011-11-23,48.8
2011-11-24,48.8
2011-11-25,45.8
2011-11-26,44.3
2011-11-27,50.0
2011-11-28,42.9
2011-11-29,45.7
2011-11-30,45.7
2011-12-01,52.1
2011-12-02,48.4
2011-12-03,49.9
2011-12-04,53.1
2011-12-05,44.9
2011-12-06,43.9
2011-12-07,47.6
2011-12-08,46.8
2011-12-09,47.4
2011-12-10,42.3
2011-12-11,39.6
2011-12-12,46.9
2011-12-13,48.9
2011-12-14,46.7
2011-12-15,44.4
2011-12-16,46.0
2011-12-17,39.1
2011-12-18,38.1
2011-12-19,35.8
2011-12-20,45.4
2011-12-21,47.4
2011-12-22,51.7
2011-12-23,48.8
2011-12-24,43.3
2011-12-25,46.9
2011-12-26,47.6
2011-12-27,38.5
2011-12-28,40.1
2011-12-29,43.0
2011-12-30,45.4
2011-12-31,52.2
2012-01-01,55.7
2012-01-02,46.5
2012-01-03,48.9
2012-01-04,46.7
2012-01-05,49.1
2012-01-06,43.3
2012-01-07,48.5
2012-01-08,46.9
2012-01-09,48.4
2012-01-10,48.7
2012-01-11,47.1
2012-01-12,46.5
2012-01-13,42.9
2012-01-14,34.9
2012-01-15,34.1
2012-01-16,33.1
2012-01-17,32.6
2012-01-18,38.2
2012-01-19,51.6
2012-01-20,46.9
2012-01-21,50.7
2012-01-22,48.6
2012-01-23,44.7
2012-01-24,41.6
2012-01-25,48.1
2012-01-26,46.5
2012-01-27,41.3
2012-01-28,39.5
2012-01-29,35.1
2012-01-30,31.9
2012-01-31,31.8
2012-02-01,26.8
2012-02-02,23.1
2012-02-03,22.7
2012-02-04,22.8
2012-02-05,22.8
2012-02-06,26.0
2012-02-07,20.7
2012-02-08,23.2
2012-02-09,25.1
2012-02-10,26.0
2012-02-11,23.4
2012-02-12,24.8
2012-02-13,35.7
2012-02-14,40.5
2012-02-15,43.7
2012-02-16,44.4
2012-02-17,44.3
2012-02-18,48.0
2012-02-19,39.0
2012-02-20,33.9
2012-02-21,37.5
2012-02-22,39.5
2012-02-23,49.0
2012-02-24,50.9
2012-02-25,49.2
2012-02-26,45.4
2012-02-27,44.8
2012-02-28,49.6
2012-02-29,50.5
2012-03-01,47.9
2012-03-02,49.1
2012-03-03,48.8
2012-03-04,47.2
2012-03-05,43.0
2012-03-06,40.9
2012-03-07,40.0
2012-03-08,42.6
2012-03-09,44.4
2012-03-10,50.3
2012-03-11,49.8
2012-03-12,49.6
2012-03-13,49.6
2012-03-14,46.5
2012-03-15,52.7
2012-03-16,56.5
2012-03-17,51.2
2012-03-18,46.6
2012-03-19,44.8
2012-03-20,44.7
2012-03-21,50.2
2012-03-22,54.8
2012-03-23,55.4
2012-03-24,56.6
2012-03-25,58.1
2012-03-26,57.9
2012-03-27,57.6
2012-03-28,57.9
2012-03-29,56.7
2012-03-30,53.8
2012-03-31,47.8
2012-04-01,44.9
2012-04-02,49.2
2012-04-03,51.0
2012-04-04,48.3
2012-04-05,46.0
2012-04-06,48.1
2012-04-07,46.4
2012-04-08,44.5
2012-04-09,52.0
2012-04-10,49.8
2012-04-11,46.7
2012-04-12,48.1
2012-04-13,48.2
2012-04-14,49.3
2012-04-15,45.2
2012-04-16,43.4
2012-04-17,42.3
2012-04-18,46.4
2012-04-19,49.4
2012-04-20,48.4
2012-04-21,49.1
2012-04-22,47.3
2012-04-23,46.0
2012-04-24,47.8
2012-04-25,49.6
2012-04-26,54.6
2012-04-27,53.4
2012-04-28,53.9
2012-04-29,59.4
2012-04-30,56.9
2012-05-01,57.3
2012-05-02,52.6
2012-05-03,57.2
2012-05-04,56.3
2012-05-05,54.1
2012-05-06,50.4
2012-05-07,54.4
2012-05-08,61.1
2012-05-09,64.4
2012-05-10,72.7
2012-05-11,62.6
2012-05-12,54.0
2012-05-13,50.7
2012-05-14,55.5
2012-05-15,49.4
2012-05-16,50.2
2012-05-17,52.6
2012-05-18,58.6
2012-05-19,58.5
2012-05-20,60.6
2012-05-21,54.8
2012-05-22,59.8
2012-05-23,64.3
2012-05-24,69.7
2012-05-25,70.7
2012-05-26,67.8
2012-05-27,68.6
2012-05-28,67.5
2012-05-29,67.5
2012-05-30,66.6
2012-05-31,63.9
2012-06-01,64.4
2012-06-02,67.9
2012-06-03,63.1
2012-06-04,55.9
2012-06-05,54.5
2012-06-06,62.9
2012-06-07,64.3
2012-06-08,61.2
2012-06-09,57.6
2012-06-10,58.5
2012-06-11,60.1
2012-06-12,56.1
2012-06-13,54.9
2012-06-14,60.5
2012-06-15,63.0
2012-06-16,62.1
2012-06-17,62.5
2012-06-18,60.7
2012-06-19,59.8
2012-06-20,65.2
2012-06-21,65.8
2012-06-22,63.2
2012-06-23,62.3
2012-06-24,58.3
2012-06-25,60.6
2012-06-26,64.3
2012-06-27,70.7
2012-06-28,75.5
2012-06-29,67.4
2012-06-30,67.0
2012-07-01,63.6
2012-07-02,65.6
2012-07-03,68.1
2012-07-04,71.9
2012-07-05,65.6
2012-07-06,62.9
2012-07-07,62.9
2012-07-08,63.6
2012-07-09,65.3
2012-07-10,63.7
2012-07-11,59.9
2012-07-12,59.2
2012-07-13,59.9
2012-07-14,61.2
2012-07-15,59.8
2012-07-16,62.8
2012-07-17,68.6
2012-07-18,71.1
2012-07-19,64.9
2012-07-20,62.4
2012-07-21,61.6
2012-07-22,63.7
2012-07-23,67.7
2012-07-24,71.2
2012-07-25,75.3
2012-07-26,76.2
2012-07-27,74.1
2012-07-28,68.4
2012-07-29,60.9
2012-07-30,60.1
2012-07-31,66.6
2012-08-01,70.8
2012-08-02,69.5
2012-08-03,66.7
2012-08-04,67.4
2012-08-05,63.2
2012-08-06,64.1
2012-08-07,63.4
2012-08-08,67.3
2012-08-09,69.0
2012-08-10,67.8
2012-08-11,68.1
2012-08-12,68.0
2012-08-13,69.3
2012-08-14,68.0
2012-08-15,72.2
2012-08-16,70.3
2012-08-17,75.5
2012-08-18,80.5
2012-08-19,82.1
2012-08-20,74.2
2012-08-21,73.5
2012-08-22,66.2
2012-08-23,65.3
2012-08-24,66.2
2012-08-25,68.1
2012-08-26,65.4
2012-08-27,69.8
2012-08-28,70.8
2012-08-29,68.5
2012-08-30,63.3
2012-08-31,58.1
2012-09-01,58.1
2012-09-02,61.3
2012-09-03,64.5
2012-09-04,65.9
2012-09-05,64.9
2012-09-06,60.6
2012-09-07,62.0
2012-09-08,66.7
2012-09-09,70.5
2012-09-10,70.6
2012-09-11,62.2
2012-09-12,58.1
2012-09-13,59.0
2012-09-14,57.1
2012-09-15,61.3
2012-09-16,62.2
2012-09-17,60.4
2012-09-18,58.8
2012-09-19,53.6
2012-09-20,52.6
2012-09-21,52.7
2012-09-22,55.0
2012-09-23,62.0
2012-09-24,62.3
2012-09-25,57.9
2012-09-26,56.5
2012-09-27,56.1
2012-09-28,54.7
2012-09-29,54.2
2012-09-30,51.1
2012-10-01,55.6
2012-10-02,61.1
2012-10-03,59.4
2012-10-04,57.8
2012-10-05,64.4
2012-10-06,60.3
2012-10-07,54.9
2012-10-08,55.1
2012-10-09,57.9
2012-10-10,55.0
2012-10-11,59.6
2012-10-12,55.7
2012-10-13,50.4
2012-10-14,45.5
2012-10-15,49.3
2012-10-16,52.9
2012-10-17,56.0
2012-10-18,61.1
2012-10-19,60.8
2012-10-20,58.7
2012-10-21,62.4
2012-10-22,63.8
2012-10-23,58.1
2012-10-24,49.0
2012-10-25,51.8
2012-10-26,49.6
2012-10-27,39.4
2012-10-28,41.3
2012-10-29,47.5
2012-10-30,47.6
2012-10-31,46.2
2012-11-01,48.3
2012-11-02,45.2
2012-11-03,48.4
2012-11-04,47.2
2012-11-05,46.1
2012-11-06,44.6
2012-11-07,49.6
2012-11-08,47.4
2012-11-09,43.1
2012-11-10,52.0
2012-11-11,44.5
2012-11-12,43.9
2012-11-13,45.2
2012-11-14,38.9
2012-11-15,41.4
2012-11-16,39.4
2012-11-17,46.3
2012-11-18,47.9
2012-11-19,49.6
2012-11-20,48.6
2012-11-21,46.6
2012-11-22,43.6
2012-11-23,47.5
2012-11-24,49.6
2012-11-25,51.1
2012-11-26,49.9
2012-11-27,45.5
2012-11-28,43.7
2012-11-29,41.5
2012-11-30,35.6
2012-12-01,37.3
2012-12-02,36.1
2012-12-03,43.1
2012-12-04,41.2
2012-12-05,38.0
2012-12-06,35.0
2012-12-07,37.1
2012-12-08,34.8
2012-12-09,38.0
2012-12-10,40.5
2012-12-11,34.3
2012-12-12,27.2
2012-12-13,31.9
2012-12-14,47.1
2012-12-15,48.6
2012-12-16,48.3
2012-12-17,46.1
2012-12-18,44.7
2012-12-19,42.8
2012-12-20,45.6
2012-12-21,46.7
2012-12-22,48.6
2012-12-23,57.0
2012-12-24,52.4
2012-12-25,51.4
2012-12-26,49.5
2012-12-27,49.5
2012-12-28,48.9
2012-12-29,51.6
2012-12-30,47.9
2012-12-31,49.0
2013-01-01,45.4
2013-01-02,42.3
2013-01-03,49.1
2013-01-04,49.3
2013-01-05,47.8
2013-01-06,45.8
2013-01-07,45.0
2013-01-08,41.1
2013-01-09,41.0
2013-01-10,44.7
2013-01-11,41.4
2013-01-12,39.3
2013-01-13,37.2
2013-01-14,30.6
2013-01-15,34.1
2013-01-16,27.2
2013-01-17,23.6
2013-01-18,25.9
2013-01-19,29.4
2013-01-20,28.5
2013-01-21,34.0
2013-01-22,33.5
2013-01-23,35.5
2013-01-24,31.7
2013-01-25,26.7
2013-01-26,32.4
2013-01-27,41.6
2013-01-28,43.7
2013-01-29,51.9
2013-01-30,53.7
2013-01-31,47.7
2013-02-01,47.3
2013-02-02,38.9
2013-02-03,37.7
2013-02-04,48.1
2013-02-05,41.3
2013-02-06,40.2
2013-02-07,38.2
2013-02-08,36.0
2013-02-09,32.4
2013-02-10,33.3
2013-02-11,42.0
2013-02-12,35.5
2013-02-13,32.0
2013-02-14,35.5
2013-02-15,43.4
2013-02-16,38.8
2013-02-17,35.5
2013-02-18,35.2
2013-02-19,37.1
2013-02-20,37.3
2013-02-21,31.8
2013-02-22,29.8
2013-02-23,27.5
2013-02-24,31.2
2013-02-25,33.3
2013-02-26,35.8
2013-02-27,36.8
2013-02-28,35.5
2013-03-01,36.9
2013-03-02,36.1
2013-03-03,36.8
2013-03-04,42.0
2013-03-05,49.8
2013-03-06,52.2
2013-03-07,51.5
2013-03-08,50.8
2013-03-09,51.6
2013-03-10,42.1
2013-03-11,34.2
2013-03-12,27.3
2013-03-13,28.7
2013-03-14,33.9
2013-03-15,36.1
2013-03-16,41.7
2013-03-17,42.9
2013-03-18,39.5
2013-03-19,42.9
2013-03-20,42.7
2013-03-21,41.6
2013-03-22,46.7
2013-03-23,45.8
2013-03-24,40.3
2013-03-25,40.2
2013-03-26,38.3
2013-03-27,38.7
2013-03-28,38.4
2013-03-29,35.5
2013-03-30,36.2
2013-03-31,35.1
2013-04-01,38.9
2013-04-02,40.7
2013-04-03,40.5
2013-04-04,41.5
2013-04-05,42.0
2013-04-06,41.1
2013-04-07,41.9
2013-04-08,44.9
2013-04-09,47.6
2013-04-10,50.3
2013-04-11,54.3
2013-04-12,51.9
2013-04-13,52.1
2013-04-14,65.6
2013-04-15,60.2
2013-04-16,60.2
2013-04-17,66.1
2013-04-18,58.9
2013-04-19,48.6
2013-04-20,48.0
2013-04-21,50.0
2013-04-22,49.2
2013-04-23,54.6
2013-04-24,60.2
2013-04-25,65.3
2013-04-26,57.3
2013-04-27,48.4
2013-04-28,48.9
2013-04-29,51.5
2013-04-30,-99.0
2013-05-01,54.7
2013-05-02,56.4
2013-05-03,54.8
2013-05-04,53.3
2013-05-05,59.1
2013-05-06,55.5
2013-05-07,60.4
2013-05-08,61.0
2013-05-09,56.8
2013-05-10,53.9
2013-05-11,56.4
2013-05-12,53.8
2013-05-13,57.1
2013-05-14,54.7
2013-05-15,54.7
2013-05-16,51.9
2013-05-17,51.7
2013-05-18,52.8
2013-05-19,53.3
2013-05-20,51.6
2013-05-21,52.1
2013-05-22,53.4
2013-05-23,47.9
2013-05-24,43.2
2013-05-25,50.2
2013-05-26,52.9
2013-05-27,54.7
2013-05-28,54.3
2013-05-29,52.9
2013-05-30,53.7
2013-05-31,56.7
2013-06-01,60.1
2013-06-02,56.9
2013-06-03,54.1
2013-06-04,55.8
2013-06-05,63.2
2013-06-06,67.6
2013-06-07,71.5
2013-06-08,67.7
2013-06-09,56.1
2013-06-10,58.7
2013-06-11,62.6
2013-06-12,66.2
2013-06-13,61.3
2013-06-14,59.3
2013-06-15,61.7
2013-06-16,64.8
2013-06-17,66.2
2013-06-18,74.6
2013-06-19,68.8
2013-06-20,68.0
2013-06-21,62.9
2013-06-22,62.4
2013-06-23,59.3
2013-06-24,56.8
2013-06-25,56.7
2013-06-26,59.8
2013-06-27,60.7
2013-06-28,58.9
2013-06-29,62.7
2013-06-30,64.2
2013-07-01,65.4
2013-07-02,67.4
2013-07-03,62.3
2013-07-04,62.6
2013-07-05,66.3
2013-07-06,68.9
2013-07-07,74.0
2013-07-08,73.0
2013-07-09,73.3
2013-07-10,69.0
2013-07-11,61.7
2013-07-12,63.7
2013-07-13,63.8
2013-07-14,70.2
2013-07-15,75.2
2013-07-16,77.2
2013-07-17,74.8
2013-07-18,75.4
2013-07-19,76.3
2013-07-20,75.4
2013-07-21,78.6
2013-07-22,80.7
2013-07-23,76.1
2013-07-24,73.4
2013-07-25,76.5
2013-07-26,75.8
2013-07-27,75.7
2013-07-28,70.4
2013-07-29,68.9
2013-07-30,68.8
2013-07-31,72.9
2013-08-01,81.0
2013-08-02,81.7
2013-08-03,72.2
2013-08-04,70.9
2013-08-05,73.3
2013-08-06,69.7
2013-08-07,64.8
2013-08-08,65.4
2013-08-09,67.0
2013-08-10,63.9
2013-08-11,64.0
2013-08-12,65.1
2013-08-13,62.1
2013-08-14,63.5
2013-08-15,68.2
2013-08-16,72.1
2013-08-17,70.9
2013-08-18,70.3
2013-08-19,65.0
2013-08-20,63.7
2013-08-21,66.8
2013-08-22,69.6
2013-08-23,71.5
2013-08-24,66.6
2013-08-25,56.6
2013-08-26,62.9
2013-08-27,66.1
2013-08-28,66.1
2013-08-29,64.6
2013-08-30,64.8
2013-08-31,66.3
2013-09-01,60.4
2013-09-02,63.0
2013-09-03,65.8
2013-09-04,72.1
2013-09-05,75.5
2013-09-06,65.0
2013-09-07,62.0
2013-09-08,62.4
2013-09-09,58.6
2013-09-10,58.1
2013-09-11,57.1
2013-09-12,58.6
2013-09-13,60.9
2013-09-14,59.3
2013-09-15,58.6
2013-09-16,55.0
2013-09-17,55.0
2013-09-18,59.6
2013-09-19,56.3
2013-09-20,61.3
2013-09-21,58.6
2013-09-22,63.1
2013-09-23,64.4
2013-09-24,62.7
2013-09-25,63.8
2013-09-26,63.9
2013-09-27,63.1
2013-09-28,63.9
2013-09-29,63.5
2013-09-30,60.3
2013-10-01,60.3
2013-10-02,63.1
2013-10-03,64.8
2013-10-04,66.0
2013-10-05,61.2
2013-10-06,59.3
2013-10-07,59.6
2013-10-08,59.6
2013-10-09,58.7
2013-10-10,50.0
2013-10-11,48.9
2013-10-12,47.2
2013-10-13,48.6
2013-10-14,53.6
2013-10-15,52.9
2013-10-16,49.6
2013-10-17,56.3
2013-10-18,52.4
2013-10-19,57.5
2013-10-20,60.0
2013-10-21,61.7
2013-10-22,63.8
2013-10-23,63.7
2013-10-24,57.6
2013-10-25,62.0
2013-10-26,63.6
2013-10-27,59.9
2013-10-28,59.2
2013-10-29,51.2
2013-10-30,47.5
2013-10-31,48.8
2013-11-01,50.1
2013-11-02,56.9
2013-11-03,50.9
2013-11-04,50.6
2013-11-05,46.5
2013-11-06,56.9
2013-11-07,58.2
2013-11-08,53.7
2013-11-09,47.4
2013-11-10,45.4
2013-11-11,42.6
2013-11-12,48.0
2013-11-13,45.1
2013-11-14,41.8
2013-11-15,45.1
2013-11-16,38.0
2013-11-17,40.2
2013-11-18,41.0
2013-11-19,41.4
2013-11-20,37.8
2013-11-21,37.5
2013-11-22,39.0
2013-11-23,42.1
2013-11-24,41.5
2013-11-25,42.6
2013-11-26,42.0
2013-11-27,41.1
2013-11-28,39.6
2013-11-29,46.0
2013-11-30,44.4
2013-12-01,42.7
2013-12-02,42.6
2013-12-03,35.7
2013-12-04,41.0
2013-12-05,44.1
2013-12-06,43.5
2013-12-07,44.1
2013-12-08,44.1
2013-12-09,36.4
2013-12-10,34.5
2013-12-11,32.8
2013-12-12,31.4
2013-12-13,34.4
2013-12-14,43.6
2013-12-15,43.6
2013-12-16,43.8
2013-12-17,43.5
2013-12-18,48.9
2013-12-19,45.1
2013-12-20,42.0
2013-12-21,42.8
2013-12-22,44.2
2013-12-23,50.1
2013-12-24,48.8
2013-12-25,45.6
2013-12-26,43.8
2013-12-27,48.3
2013-12-28,46.6
2013-12-29,42.6
2013-12-30,40.3
2013-12-31,44.9
2014-01-01,47.6
2014-01-02,49.6
2014-01-03,51.5
2014-01-04,48.8
2014-01-05,44.7
2014-01-06,53.7
2014-01-07,52.9
2014-01-08,51.5
2014-01-09,50.9
2014-01-10,42.0
2014-01-11,41.6
2014-01-12,38.3
2014-01-13,45.8
2014-01-14,42.1
2014-01-15,42.7
2014-01-16,46.5
2014-01-17,46.4
2014-01-18,43.0
2014-01-19,45.0
2014-01-20,43.3
2014-01-21,37.9
2014-01-22,38.8
2014-01-23,43.4
2014-01-24,41.6
2014-01-25,42.1
2014-01-26,43.9
2014-01-27,41.3
2014-01-28,41.3
2014-01-29,39.9
2014-01-30,42.1
2014-01-31,40.2
2014-02-01,44.9
2014-02-02,41.4
2014-02-03,39.1
2014-02-04,45.0
2014-02-05,46.5
2014-02-06,-99.0
2014-02-07,50.1
2014-02-08,46.6
2014-02-09,44.3
2014-02-10,43.4
2014-02-11,42.7
2014-02-12,42.9
2014-02-13,44.0
2014-02-14,45.8
2014-02-15,50.0
2014-02-16,46.5
2014-02-17,44.3
2014-02-18,43.9
2014-02-19,48.0
2014-02-20,48.5
2014-02-21,46.6
2014-02-22,43.6
2014-02-23,46.2
2014-02-24,48.7
2014-02-25,49.5
2014-02-26,45.3
2014-02-27,41.3
2014-02-28,43.5
2014-03-01,42.4
2014-03-02,41.3
2014-03-03,43.6
2014-03-04,44.1
2014-03-05,44.5
2014-03-06,44.5
2014-03-07,46.9
2014-03-08,50.0
2014-03-09,53.2
2014-03-10,52.4
2014-03-11,51.2
2014-03-12,51.3
2014-03-13,51.1
2014-03-14,52.7
2014-03-15,51.4
2014-03-16,53.1
2014-03-17,47.6
2014-03-18,50.7
2014-03-19,52.2
2014-03-20,55.0
2014-03-21,52.5
2014-03-22,48.7
2014-03-23,43.5
2014-03-24,43.5
2014-03-25,43.0
2014-03-26,42.4
2014-03-27,43.7
2014-03-28,47.5
2014-03-29,53.9
2014-03-30,56.1
2014-03-31,56.8
2014-04-01,58.1
2014-04-02,57.7
2014-04-03,59.6
2014-04-04,54.8
2014-04-05,55.7
2014-04-06,60.6
2014-04-07,61.0
2014-04-08,51.6
2014-04-09,49.6
2014-04-10,54.2
2014-04-11,53.8
2014-04-12,53.7
2014-04-13,52.7
2014-04-14,51.6
2014-04-15,48.2
2014-04-16,49.6
2014-04-17,55.1
2014-04-18,52.1
2014-04-19,48.6
2014-04-20,55.6
2014-04-21,54.5
2014-04-22,54.1
2014-04-23,56.8
2014-04-24,58.1
2014-04-25,54.0
2014-04-26,48.1
2014-04-27,50.0
2014-04-28,52.5
2014-04-29,52.0
2014-04-30,56.9
2014-05-01,44.3
2014-05-02,52.1
2014-05-03,50.5
2014-05-04,52.1
2014-05-05,59.0
2014-05-06,57.5
2014-05-07,55.0
2014-05-08,54.5
2014-05-09,60.3
2014-05-10,49.5
2014-05-11,49.7
2014-05-12,48.9
2014-05-13,45.9
2014-05-14,53.5
2014-05-15,52.7
2014-05-16,55.7
2014-05-17,60.4
2014-05-18,63.0
2014-05-19,67.1
2014-05-20,59.4
2014-05-21,54.2
2014-05-22,56.4
2014-05-23,58.4
2014-05-24,52.4
2014-05-25,58.7
2014-05-26,55.8
2014-05-27,57.0
2014-05-28,56.0
2014-05-29,59.4
2014-05-30,62.3
2014-05-31,60.1
2014-06-01,58.5
2014-06-02,60.5
2014-06-03,59.2
2014-06-04,52.2
2014-06-05,58.6
2014-06-06,67.1
2014-06-07,73.3
2014-06-08,59.5
2014-06-09,64.0
2014-06-10,57.8
2014-06-11,67.7
2014-06-12,67.6
2014-06-13,67.0
2014-06-14,63.5
2014-06-15,60.2
2014-06-16,59.9
2014-06-17,59.9
2014-06-18,62.9
2014-06-19,62.1
2014-06-20,62.1
2014-06-21,63.7
2014-06-22,67.5
2014-06-23,66.8
2014-06-24,68.1
2014-06-25,63.8
2014-06-26,64.1
2014-06-27,65.8
2014-06-28,58.5
2014-06-29,53.5
2014-06-30,61.9
2014-07-01,64.2
2014-07-02,66.5
2014-07-03,72.5
2014-07-04,66.5
2014-07-05,67.0
2014-07-06,62.1
2014-07-07,59.2
2014-07-08,55.2
2014-07-09,54.4
2014-07-10,53.8
2014-07-11,52.1
2014-07-12,63.2
2014-07-13,60.4
2014-07-14,64.4
2014-07-15,67.7
2014-07-16,74.1
2014-07-17,76.4
2014-07-18,81.1
2014-07-19,68.7
2014-07-20,54.5
2014-07-21,58.9
2014-07-22,67.4
2014-07-23,70.2
2014-07-24,77.5
2014-07-25,72.7
2014-07-26,69.4
2014-07-27,62.3
2014-07-28,62.4
2014-07-29,62.4
2014-07-30,68.6
2014-07-31,67.6
2014-08-01,71.5
2014-08-02,64.2
2014-08-03,63.7
2014-08-04,60.8
2014-08-05,69.0
2014-08-06,56.5
2014-08-07,50.6
2014-08-08,64.1
2014-08-09,65.2
2014-08-10,65.9
2014-08-11,60.0
2014-08-12,59.7
2014-08-13,61.2
2014-08-14,57.1
2014-08-15,55.8
2014-08-16,63.9
2014-08-17,62.4
2014-08-18,62.4
2014-08-19,59.1
2014-08-20,58.6
2014-08-21,58.0
2014-08-22,60.0
2014-08-23,59.3
2014-08-24,59.9
2014-08-25,58.0
2014-08-26,57.6
2014-08-27,64.3
2014-08-28,66.2
2014-08-29,64.8
2014-08-30,63.5
2014-08-31,62.1
2014-09-01,61.9
2014-09-02,65.0
2014-09-03,64.9
2014-09-04,63.5
2014-09-05,67.1
2014-09-06,66.9
2014-09-07,66.8
2014-09-08,66.8
2014-09-09,63.3
2014-09-10,60.3
2014-09-11,59.4
2014-09-12,61.7
2014-09-13,63.7
2014-09-14,63.4
2014-09-15,65.2
2014-09-16,66.2
2014-09-17,63.9
2014-09-18,64.3
2014-09-19,68.7
2014-09-20,59.4
2014-09-21,59.8
2014-09-22,56.8
2014-09-23,54.5
2014-09-24,54.7
2014-09-25,56.6
2014-09-26,58.5
2014-09-27,62.8
2014-09-28,64.4
2014-09-29,56.2
2014-09-30,63.7
2014-10-01,62.9
2014-10-02,63.7
2014-10-03,62.7
2014-10-04,56.4
2014-10-05,54.3
2014-10-06,49.2
2014-10-07,56.0
2014-10-08,57.0
2014-10-09,60.8
2014-10-10,57.5
2014-10-11,56.4
2014-10-12,53.8
2014-10-13,59.6
2014-10-14,55.1
2014-10-15,55.2
2014-10-16,57.4
2014-10-17,59.3
2014-10-18,64.6
2014-10-19,64.3
2014-10-20,57.7
2014-10-21,53.4
2014-10-22,50.0
2014-10-23,54.0
2014-10-24,55.6
2014-10-25,55.6
2014-10-26,55.9
2014-10-27,53.8
2014-10-28,49.9
2014-10-29,53.4
2014-10-30,58.1
2014-10-31,59.9
2014-11-01,59.1
2014-11-02,58.4
2014-11-03,52.8
2014-11-04,49.6
2014-11-05,46.3
2014-11-06,47.3
2014-11-07,51.5
2014-11-08,51.9
2014-11-09,51.7
2014-11-10,45.9
2014-11-11,50.5
2014-11-12,52.4
2014-11-13,49.9
2014-11-14,47.3
2014-11-15,48.8
2014-11-16,48.9
2014-11-17,48.3
2014-11-18,48.0
2014-11-19,42.8
2014-11-20,46.2
2014-11-21,48.0
2014-11-22,50.0
2014-11-23,52.2
2014-11-24,50.1
2014-11-25,48.0
2014-11-26,51.8
2014-11-27,50.4
2014-11-28,50.9
2014-11-29,43.8
2014-11-30,39.2
2014-12-01,39.9
2014-12-02,37.4
2014-12-03,36.5
2014-12-04,37.9
2014-12-05,40.9
2014-12-06,40.4
2014-12-07,37.2
2014-12-08,38.2
2014-12-09,37.4
2014-12-10,45.5
2014-12-11,46.7
2014-12-12,49.3
2014-12-13,39.9
2014-12-14,35.6
2014-12-15,39.3
2014-12-16,44.6
2014-12-17,49.3
2014-12-18,54.9
2014-12-19,50.6
2014-12-20,45.9
2014-12-21,45.7
2014-12-22,50.0
2014-12-23,49.0
2014-12-24,48.7
2014-12-25,43.5
2014-12-26,37.3
2014-12-27,41.9
2014-12-28,31.1
2014-12-29,32.2
2014-12-30,38.5
2014-12-31,37.6
